 ;pred_rewards_model_0;pred_rewards_model_1;pred_rewards_model_2;pred_rewards_model_3;pred_rewards_model_4;pred_rewards_model_5;pred_rewards_model_6;pred_rewards_model_7;pred_rewards_model_8;pred_rewards_model_9;pred_rewards_model_10;pred_rewards_model_11;pred_rewards_model_12;pred_rewards_model_13;pred_rewards_model_14;pred_rewards_model_15;pred_rewards_model_16;pred_rewards_model_17;pred_rewards_model_18;pred_rewards_model_19
;232.6679792;263.8211669;270.91686799999997;272.1099131;261.7415778;269.37345550000003;277.4358283;272.2336104;273.31704030000003;267.2031867;264.610576;263.0162292;229.29713729999997;265.94152829999996;283.39304589999995;276.63044219999995;274.52249680000006;243.1332477;241.52175210000001;238.50798130000004
