 ;pred_rewards_model_0;pred_rewards_model_1;pred_rewards_model_2;pred_rewards_model_3;pred_rewards_model_4;pred_rewards_model_5;pred_rewards_model_6;pred_rewards_model_7;pred_rewards_model_8;pred_rewards_model_9;pred_rewards_model_10;pred_rewards_model_11;pred_rewards_model_12;pred_rewards_model_13;pred_rewards_model_14;pred_rewards_model_15;pred_rewards_model_16;pred_rewards_model_17;pred_rewards_model_18;pred_rewards_model_19
;209.92786229999996;52.77023519999999;166.32813739999997;237.5538709;199.4808711;199.8056977;160.91610510000004;225.8970257;156.4891944;263.98982659999996;213.00276760000003;241.7462669;220.37659680000002;35.778004700000004;272.3502637;242.06773979999997;104.76335850000001;226.17197960000004;179.3649362;195.6511779
