 ;pred_rewards_model_0;pred_rewards_model_1;pred_rewards_model_2;pred_rewards_model_3;pred_rewards_model_4;pred_rewards_model_5;pred_rewards_model_6;pred_rewards_model_7;pred_rewards_model_8;pred_rewards_model_9;pred_rewards_model_10;pred_rewards_model_11;pred_rewards_model_12;pred_rewards_model_13;pred_rewards_model_14;pred_rewards_model_15;pred_rewards_model_16;pred_rewards_model_17;pred_rewards_model_18;pred_rewards_model_19
;175.0593975;107.4959029;190.5322385;0.8876273000000012;115.15061409999998;145.75885880000004;170.7343468;151.68870529999998;191.2651236;-44.881421599999996;-37.309288699999996;118.10515420000002;119.4130717;187.7934177;169.2381835;118.56307160000001;14.894730900000004;174.34864;15.385185199999999;-64.6581637
