 ;pred_rewards_model_0;pred_rewards_model_1;pred_rewards_model_2;pred_rewards_model_3;pred_rewards_model_4;pred_rewards_model_5;pred_rewards_model_6;pred_rewards_model_7;pred_rewards_model_8;pred_rewards_model_9;pred_rewards_model_10;pred_rewards_model_11;pred_rewards_model_12;pred_rewards_model_13;pred_rewards_model_14;pred_rewards_model_15;pred_rewards_model_16;pred_rewards_model_17;pred_rewards_model_18;pred_rewards_model_19
;214.20846999999998;105.38927859999998;83.00887000000002;164.33767319999998;207.2140786;214.44138789999997;60.526876800000004;117.97184900000002;156.63851169999998;217.6110638;241.51671830000004;57.200515700000004;49.8186535;149.0757505;-373.7323256;138.388175;174.41275879999998;166.5536207;181.8571014;100.99587670000001
