 ;pred_rewards_model_0;pred_rewards_model_1;pred_rewards_model_2;pred_rewards_model_3;pred_rewards_model_4;pred_rewards_model_5;pred_rewards_model_6;pred_rewards_model_7;pred_rewards_model_8;pred_rewards_model_9;pred_rewards_model_10;pred_rewards_model_11;pred_rewards_model_12;pred_rewards_model_13;pred_rewards_model_14;pred_rewards_model_15;pred_rewards_model_16;pred_rewards_model_17;pred_rewards_model_18;pred_rewards_model_19
;58.53268750000001;154.7196826;204.7812446;69.7965787;128.31810769999998;160.57202;147.93747739999998;230.85211669999998;178.1129611;106.61527659999999;243.26269739999998;155.68151209999996;130.879057;193.1992098;189.47588679999998;239.62183419999997;1.960293800000001;183.98312170000003;202.9529539;227.77611460000003
