 ;pred_rewards_model_0;pred_rewards_model_1;pred_rewards_model_2;pred_rewards_model_3;pred_rewards_model_4;pred_rewards_model_5;pred_rewards_model_6;pred_rewards_model_7;pred_rewards_model_8;pred_rewards_model_9;pred_rewards_model_10;pred_rewards_model_11;pred_rewards_model_12;pred_rewards_model_13;pred_rewards_model_14;pred_rewards_model_15;pred_rewards_model_16;pred_rewards_model_17;pred_rewards_model_18;pred_rewards_model_19
;-435.6456727000001;-499.6105759;-463.4156754999999;-420.2976350999999;-461.36848410000005;-498.9708839000001;-474.47006820000007;-688.2811872999999;-645.7610151;-155.4159664;-237.39751730000003;-200.0661105;-218.6558853;-278.71974289999997;-224.06996170000002;-417.8452881;-423.81213049999997;-392.00425659999996;-864.2914301999999;-316.5012274
